<?xml version="1.0" encoding="UTF-8"?>
<project-private xmlns="http://www.netbeans.org/ns/project-private/1">
    <editor-bookmarks xmlns="http://www.netbeans.org/ns/editor-bookmarks/2" lastBookmarkId="0"/>
    <open-files xmlns="http://www.netbeans.org/ns/projectui-open-files/2">
        <group>
            <file>file:/C:/Users/Anusha/Documents/NetBeansProjects/SchoolManagementSystem/src/Credentials.java</file>
            <file>file:/C:/Users/Anusha/Documents/NetBeansProjects/SchoolManagementSystem/src/StaffReg_form.java</file>
            <file>file:/C:/Users/Anusha/Documents/NetBeansProjects/SchoolManagementSystem/src/AdminOptions.java</file>
            <file>file:/C:/Users/Anusha/Documents/NetBeansProjects/SchoolManagementSystem/src/AttendanceView.java</file>
            <file>file:/C:/Users/Anusha/Documents/NetBeansProjects/SchoolManagementSystem/src/Chain.java</file>
            <file>file:/C:/Users/Anusha/Documents/NetBeansProjects/SchoolManagementSystem/src/AdminLogin.java</file>
            <file>file:/C:/Users/Anusha/Documents/NetBeansProjects/SchoolManagementSystem/src/Main.java</file>
            <file>file:/C:/Users/Anusha/Documents/NetBeansProjects/SchoolManagementSystem/src/AttendanceUpdate.java</file>
        </group>
    </open-files>
</project-private>
